-- phpMyAdmin SQL Dump
-- version 5.2.1
-- https://www.phpmyadmin.net/
--
-- Host: 127.0.0.1
-- Generation Time: Oct 01, 2024 at 08:34 AM
-- Server version: 10.4.32-MariaDB
-- PHP Version: 8.2.12

SET SQL_MODE = "NO_AUTO_VALUE_ON_ZERO";
START TRANSACTION;
SET time_zone = "+00:00";


/*!40101 SET @OLD_CHARACTER_SET_CLIENT=@@CHARACTER_SET_CLIENT */;
/*!40101 SET @OLD_CHARACTER_SET_RESULTS=@@CHARACTER_SET_RESULTS */;
/*!40101 SET @OLD_COLLATION_CONNECTION=@@COLLATION_CONNECTION */;
/*!40101 SET NAMES utf8mb4 */;

--
-- Database: `messenger`
--

-- --------------------------------------------------------

--
-- Table structure for table `friend`
--

CREATE TABLE `friend` (
  `user1_id` int(11) NOT NULL,
  `user2_id` int(11) NOT NULL
) ENGINE=InnoDB DEFAULT CHARSET=utf8mb4 COLLATE=utf8mb4_general_ci;

--
-- Dumping data for table `friend`
--

INSERT INTO `friend` (`user1_id`, `user2_id`) VALUES
(1, 2),
(1, 3),
(1, 4),
(2, 1),
(2, 3),
(2, 4),
(3, 1),
(3, 2),
(3, 4),
(4, 1),
(4, 2),
(4, 3);

-- --------------------------------------------------------

--
-- Table structure for table `friends`
--

CREATE TABLE `friends` (
  `request_id` int(11) NOT NULL,
  `sender_id` int(11) NOT NULL,
  `receiver_id` int(11) NOT NULL,
  `status` enum('pending','accepted','declined','') NOT NULL DEFAULT 'pending'
) ENGINE=InnoDB DEFAULT CHARSET=utf8mb4 COLLATE=utf8mb4_general_ci;

--
-- Dumping data for table `friends`
--

INSERT INTO `friends` (`request_id`, `sender_id`, `receiver_id`, `status`) VALUES
(1, 1, 2, 'accepted'),
(2, 2, 1, 'accepted'),
(4, 1, 4, 'accepted'),
(5, 1, 3, 'accepted'),
(7, 2, 3, 'accepted'),
(8, 2, 4, 'accepted'),
(10, 4, 1, 'accepted'),
(11, 4, 2, 'accepted'),
(12, 3, 4, 'accepted'),
(13, 4, 3, 'accepted'),
(14, 3, 1, 'accepted'),
(15, 3, 2, 'accepted');

-- --------------------------------------------------------

--
-- Table structure for table `messages`
--

CREATE TABLE `messages` (
  `message_id` int(11) NOT NULL,
  `senders_id` int(11) NOT NULL,
  `receivers_id` int(11) NOT NULL,
  `message` text NOT NULL,
  `timestamp` timestamp NOT NULL DEFAULT current_timestamp()
) ENGINE=InnoDB DEFAULT CHARSET=utf8mb4 COLLATE=utf8mb4_general_ci;

-- --------------------------------------------------------

--
-- Table structure for table `users`
--

CREATE TABLE `users` (
  `user_id` int(11) NOT NULL,
  `full_name` varchar(100) NOT NULL,
  `email` varchar(100) NOT NULL,
  `password` varchar(100) NOT NULL,
  `profile_picture` blob NOT NULL
) ENGINE=InnoDB DEFAULT CHARSET=utf8mb4 COLLATE=utf8mb4_general_ci;

--
-- Dumping data for table `users`
--

INSERT INTO `users` (`user_id`, `full_name`, `email`, `password`, `profile_picture`) VALUES
(1, 'Azee', 'azee@gmail.com', 'azee', 0xffd8ffe000104a46494600010100000100010000ffdb00840009060710101210101210161012121517161915151210170f15161912171715111515181d2820181a271b161521312125292b2e2e2e171f3338332c37282d2e2b010a0a0a0e0d0e1a10101b2d251f252d2d2b2d2d2d2e2d2d2d2d2d2d2d2d2d2d2d2d2d2d2d2d2d2d2d2d2d2d2d2d2d2d2d2d2d2d2d2d2d2d2d2d2d2d2d2d2d2d2dffc000110800e100e103011100021101031101ffc4001c0001000203010101000000000000000000000506030407020108ffc400471000020102010707070a0307050000000000010203110405061221314151071322617181a132729192b1c1d1142342525382a2b2e1f01662732433343543b3c2156374c3d2ffc4001a010100020301000000000000000000000000030501020406ffc4003111010002010205020503040203000000000001020304110512213151134122323361811471a1154252c191f023d1f1ffda000c03010002110311003f00ee200000000000000000000000000000000000000000000000000000000000000000001e6734b5b692eb764189988eed3ab95a847fd44fcd4dfb351b72ca2b6a31c7bb5679c14f7464fd55ef33c928a7574f686279c4b7527eb7e867d36bfac8f02ce25f65f8bf41e99fac8f0c90ce0a7be125d9a2fde63925b46b2bef0d9a596284be9e8f9c9af1d863965257518e7ddbb4eac64af19292ea699aa68b44f67b0c80000000000000000000000000000000d3c6652a54b5395e5f556b977f0ef33159945933529dd0b8acbb525aa09417a65e97a892290e2beaed3f2f44655ab293bca4e4fadb66d11b39ad69b777832c0000000007a84dc5dd369f14da6198998ec91c365bab0f2ad5175f95e95ef349a44ba29aabd7bf54ce0b2b52a9657d197097b9ec66935987663d452e90354e00000000000000000000000031622bc69a7293d15fbd4b89988ddadaf158de55eca196a73bc61d08f1fa6fbf712453cabf2eaa6dd2bd21146ee57c000000000000000000091c0657a94ec9f4e1c1ed5d8cd66912e8c5a8b53a4f5858f098b8555a5177e2b7aed44531b2c6992b78dead830dc0000000000000000000d4ca18f851577adbd91defe08cc57745972d71c6f2aae2f173ab2d293ec5b975244d11b2b3264b5e77960328c0000000031e27110a51954a938d38475b949a515dad8662266768735cece519c94a8e0af15b1d76ad27fd28bd9e73ee5bc3bb0e976eb75c33172855c4e0a8d5ab773e94749af2d464e2a7dad2d6f8a61cd9e915bcc427821000000064a15e54e4a51766bf767c44c6eda979acef0b464bca71acacfa335b571eb4436aecb3c39a3247dd206a9c00000000000000035328e3a346377adbd8b8bf819ac6e8b2e58c75de552af5a5393949ddbfdd913c46caabda6d3bcb186a000007ca93514e526a315b5b694575b6c331133d958ca5ca064ea374aabaf25ba8c7497aeda8f884f5d364b2b594f953934d61f0da3fcd5657b7dc87ff00413d7471fdd2a4657cb389c5cb4abd5954b6c8bd54e3e6c16a5dbb43aa94ad236ac340c3767a18dad4ff00bbad529f995271fcac313589ef0b064bcfeca141abd55888fd5aa937dd35695fb5b3286fa6a5bd9d033733fb0b8b71a73fecd59ead19b5cdc9f0854d97ea767da1c7934d6a758eb0b6073000001ea137169a766b635b43313313bc2d392728aacacf54d6d5c7f9910dabb2d30668c91f7489aa700000000000031626bc69c5ce4ec97eec22376b7b45637953f198a955939cbb96e4b813c46ca9c9926f6de580ca30000020f3b339a964fa6a525a75677d0a69d9c9adb26fe8c56abb09b0e19c93f671bcbb9c189c6cb4abd46e37d54d6aa31ec8ef7d6eecc2cb1e2ad23e146048000000001f1a02ed99b9f9530ce34712e5570fb149de55697be50eadab77032e5cda78bf5af775ba356338c6709294649494934e2d3574d3de82ba62627697b0c0000c942aca12528bb35fbb1898ddb56d359de16fc062d558292ef5c1ef44331b2db1e48bd7786c984800000000002b397f1ba72e6d3e8c36f5cbf4f892d236eaadd565e69e58f6449bb9400000fa07e7fce6caf2c6626ad76ef16f460b72a716d412eed7db2661718a914ac422c24000000000000004fe6e677e2f03d184954a57feeaa5dc171706b5c1f66aea3287260a64eb3d25d0b36f3f7e5b561423849a9bd726a719528456d9b764edddadb4838f269b9237dd720e50001bd9231bcd4f5f912d4fdd2ee35b46f09f4f9792df695b910ad40000000034f2ae2f9aa7292f29ea5daf7fbcdab1bca1cd93929ba9e4ca90000000466736558e130d5abcb5e8c6d15f5a72d518fa5fa2e1262a73da21f9fa2ac92e06170fa0000000000000004b66fe6e6271d2d1a30e827695496aa50ed7bddb72d7d9b423c996b8e3abb2e6c66ed1c052e6e9f4a52d73a8eda737ee8adcbdaeeccab32e59c93bca6022000002d190717a74f45be943576adcfdddc4378da567a6c9cd5da7bc250d5d20000000ace716274aa282d905e2f5bf0b12d23a2b7577dedcbe1126ee50000000737e58b1aed84c3ad8dceabeeb461f9a61dda3af7b39a18773e3607d0256be6f626187a78bd052a334dde2ef282bb579adcb56dddbec411a8c739271efd6134e9ef18e2fed28a2742017ccdeccbc2e370b4abc6b54a7369c6693838a9c5b4f53575b9edd8d155a8d764c3966b311b7b2cf068b1e5c716dfafbb3cf930fab8cb2eba177e1511a4715f35fe5bcf0bf16fe1019db9aaf011a32e7b9ee71c93f9bd049a49afa4ef7d7e83af49abf5e6636db6726ab4be84475df756ced723a1723d8d6aae270edea941554bae325193f44e1e832e3d657a44ba8857800000037b236239bab1e12e8befd9e3635b46f09f4f7e5badc42b5000003cd49249b7b12b8626768dd48ad51ca5293db26dfa593c76535adcd3bbc196a0000000e4fcb027f2ac3bddcc6aede7677f6a0b1d1fcb2a21875ba7726193e2f0b5a7382946b54b5a4938b8c15b5a7b7a4e452713cb31962227b42e787e289c53368ef296c6e64e4fabaf98e69f1a529417aaba3e07363d7e7af4df7fdd3df4386dedb7ecddcdfc8ab0709518d5954a576e319a8b70bf949356bc5edb5b6b6479f3fad3cd31b4a4c183d28e589de1059c398142bdea61dac3d47af46df3127e6af23bb5751d5a7e237a74bf58fe5cd9f87d6fd69d27f873ecad9bf8bc2df9da32515f4e3d2a4faf496cefb16f8b538f2fcb2aacba7c98fe686fe656737c8aa353bcb0f55ad34b5b8bd8aac56fe0d6f5d845acd2fad5e9f347fdd92e9353e8db69ed2ec187af0a918ce12538495d4a2ef16b8a679db566b3b4afeb68b46f0aaf29d84d3c1a9a5ae8d48cbb9de0ff327dc77f0cbf2e6dbcb8788d37c5bf87272fd46b9724e9fcbe5ff008f52febd3fd039757f4dd84cab4000000002eb82ada7084f8a5e9dfe2413dd738edcd5896730dc00068e5aaba3467d6ade976f65cdabdd0ea2db6395449952000000001cd3961a37786a8be869425f7d2947f23f49146589c934f0b6d2609ae1f53da65cef0d4275270a705a539c9462b8b6ec8ded68ac4da7b427ad66d3cb0eed91f27c70d429508eb54e295f8bdb2977b6df79e573649c9926d2f4d871c63a4561b844900000088c7e6c606bddd4c341b7b6514e137db2834ce8a6af353a45a505f4b86fdeb0f791b2151c25d51738c1eb7075252a77fac94af67d8fb4c66d45f2fcdb6ece2c15c5f2efb3732861235e954a33f26a45c5f1b356baebde478ef34b45a3d9264a45eb359f7708c760e742a54a3515a74e4e2f86ad8d753566ba99eae978bd62d1eef317a4d2d359f65e3922a56ad5eab5a9c63493eb6f4e4bf0c3c08ef9a2992b4f28b369e7260b5e3fb5d509d4c00000000166cdcab7a4e3f564d773d7ef6457eeb2d25b7a6c963475000087ce59fcdc57197b1337a77726b27e08856c955c00000000152cf2c9df28857a5f49a4e3e7249c7c55bbca7cb93d3d5734bd668b1c64d15623efff0028ccc3cd2786fed35d7cf497461b5528bdb7fe77e0b57121d76b3d4f829d9d5a2d2727c77eeb9958b10000000000002a59f39a9f2c4ab51b2c4415ada92ab1dd16f7496e7dcf8ab0d0eb3d29e4b76970eb349eac7357bb2666e4c786a5429c95aa39294d6f526d5e2fb15977135b2fa9a889af6df673db1fa5a4b44f8995d8bb78e0000000009dcd796baabcd7ed23c8eed1cf784f91bb8000416743d54975cbdc498dc5aced080247000000000044e58a566a7b9ab3ed5fa7b0a8e218f6b45e3dfa3d2f04cf1349c73edd59e9bd4bb17b0a697a287a30000000000000003532753d2a8e5ba377def67efa8b5d063e6c916f6852f18cf14c1cbef64c178f24000000001319b4fe727e67fc91a6475e8fe69590896200020b3a16aa5db2f71263716b3b420091c0000000001e6ad3524e2d5d334c94adebcb649872db15e2f49eb0d4e6f47a3b6c79ad561f4b2cd5edf41a9fd4608bfbfb8733b0000000000000fa95f51be3a73de2be51e6c9e9e3b5fc43628518c1597eafad9ea7162ae3af2d5e0f51a9bea2fcf7ff00e3212a000000000097cda5f392f33fe48d2fd9d7a3f9a5652258800086ce68fcdc1f097b62fe06f4eee4d647c312ae12ab8000000000061c4c76329f8a62e9178fd9e8b80e7da6d8a7f78ff6c0533d28000000000001970f1d77e058f0cc5cd979bc29b8de7e4c1c91decd83d03c8800000000009ccd88eba8faa2bc5fc08f23b7471d66560237780008fcb94f4a8cfaacfd0f5f85cdabdd06a2bbe3954c995400000000003e495d588f3638c949a4a6d3e69c392b92becd46ac795c949a5a6b6ef0f7b8b2d72d22f5ed2f86890000000000662372676eedba51b23d368f07a38e23dfbcbc3f11d57ea334da3b4748ff00bf77a3a9c000000000002cb9b74ed4e52fad27e8492f6dc8afdd65a4aed4dd2e68ea0001e2ac14a328bd8d35e9418b46f1b291520e2dc5ed4daf433a14b31b4ed2f218000000000018abd3beb5b4ace21a4e78e7af78fe577c23887a53e95e7e19edf696b942f580000000019a853decb6e1da4de7d5b76f679fe31c43963d0c73d67bff00e99cbb7980000000000002e793e8e8538477a5afb5eb7e24133d5718abcb4886c98480000055b2fe1f42ae96e9abf7ec7f1ef25a4ef0acd55396fbf9461bb98000000000000d3c6d45071bec95fb8a3e23a7ad6d16af4ddeaf82eaef92934bf5dbb3ca77d855af1f4c00001869a9c9a5ad2dfbbb0efd0e9a32dfe2ed0aae2bacb69f1472779e8dd3d1446dd1e3a666677903000000000003732561f9cab05b93d27d8bf69779ada7684d829cf7885c0856c00000008fcb584e729bb2bca3d25ef5e836aced283518f9e8a9932a80000000000008ecb5b21dafdc56712ed55ff028f8affb42369d594763b7b3d054cc44bd1f5678e3a5bd2669e9c36e67d78e7ba287a70733054af296d7ddb8da2b10c4ccb7f22fd3eef796bc37bdbf0f3dc77b53f2932d5e74000000000000b2e6ee17460ea35ae7b3cd5b3f7d84579eab2d2e3e5af34fba5cd1d40000000302a996b05cdcee97467ad753df126a4ef0abd462e4b6f1da51c6ce7000003e81158cce1c35276d3d37c20b4bc76789d14d2e4b7b349c95847cb3c296ea337dae289a3436f2d3d6849e428aca9a7a12e65d1b5d496936a57b356f35957c47436f87aaf383eaeb8e2fd3af44b7f0454fb78fa92f8959fa19f2bafea11fe27f0454fb78fa92f88fd0cf93fa847f89fc1153ede3ea4be23f433e4fea11fe27f0454fb78fa92f88fd0cf93fa847f8a3f2de0ffe970556735579c92828c55a57b39395dee4978961c3b456e798dd53c5f575c98ebd3aee86867852df4a6bb1c5fc0b79d0dbcbcffad1e1bf85ce1c354d5ce683e135a3e3b3c486fa5cb5ebb378c9594aae3bbc0e796e0000000dbc9b8375a6a3b96b93ea35b4ed0970e3f52db2e11492496a48856f11b3e800000000035f1b858d58383dfb1f07b99989d9a64a45ebcb2a7e228ca9c9c24acd7eee89a277545e935b6d2c665ab0e33170a3173a92518af1ea4b7b335acda76814fca59d9566dc68ae6a3c5a4ea3f747f7aceec7a68feeeac4cec86ab8aab3f2ea4e77e32935e83b698ab5f673df24cb112a300b4726f94399c7538b768d68ba6f85fca878c6df78e3d763e6c533e3abb34393972c479e8ed0512f400000e4fcac650d3c4d2a09eaa30bbf3e6ef67f7631f58b8e1d8f6a4dbca9b88df7c915f1fed472c55e01929d79c7c99ca16fab292f611db1d6dde1bd6f3095c9f9d388a6d2a9f3d1ebd53ee92f7dce3c9a6acf6e8e88b6f0b8e4dca14f111d3a72bf14fca8be0d1c37a5a93b4b66d1a0f508393492bb7a92de1988999da16dc978254616db27ae4faf87622099dd6b871463aecdd30980000000000008fcad939568dd6a9ad8f8ff002b36adb6419f0c648fbaa58992a4a4e7d0504dcafbadb49e237ecab98989da5cdf2de559626a693d505aa31e0b8beb7bcb3c58e290d5a50474e38f74392decf4488400064c3d79539c2a47ca84a335db169af146b6af344c79662796627c3f42e0b131ab4e9d58f93523192ec924d7b4f336acd6d313ecf4d4b7356263dd9cc3600f8d81f9fb2ee3be5188af5f6aa951b5e6ad50fc291e930d3931c55e6b35f9f24dbeed125460003e491ada3786f4b6d2cb9371d3c3cd5483d6b6add25be2ce5bd22d1b4ba5d27018b8d7842a435a96ede9ef8bebb9597acd6769656dc8b9339b5a73f2deefaabe2416b6eb2d3e0e48e69ee9634750000000000000000734e5772845733878f9725a736b6e8276845f6b4dfdd3bf454de66cafd66dbc797352c61c532ca7443926779dc32c000001d8b930ca1cee0941be9509ca9fddf2a1dd695bee945aec7cb977f3d579a0bf362dbc745b8e376804167b650f93e0b1134ed271d08f1d29bd04d765dbee27d2e3e7cb5873eab272629970c47a279e0000000639a20bc6d2e9c73bc2edc94e508c7132c3cf5f389ca17dd38abbb76c6fea9c1ada4cd79a1dba5e5e7eaebc8ac5980000000000000007c60704cf1ca1f28c6e26a5ee94dc23e6c3a0addb66fbcbac14e5c710a7cd6e6bcca1e074d23ab9b24f464267380000002efc94650d0c4d4a0deaad0baf3a0eebf0b97a0afe234de916f0b0e1f936bcd7cffa7592997201ce395ec7eac36193dadd59772d187b65e82d386d3adaff00855f12bfcb4fcb9b16aaa000000078991e44d8a59b26e31d0ab4abc76d29c67db6776bbd5d77905ebcd5987452dcb6897e8ba73524a49dd349a7c53574ca1db65d44eef419000000000000006be51c47354aad5fb384a7eac5bf719ac6f310c5a768ddf9c53e3b4bf51bdd324c68b2bd92a000000006e645c77c9f1142bfd9d48c9f9b7b4d7aae488f2d39e935498afc978b7897e838b4f5ad699e69e961f40e1d9f79439fc762249de34df351ec86a7f8f4df79e83498f93147dfaffcbcfeaefcf9a7edd10074b980000001e66697ec931fccc642e877bccac4f3b81c24b6be6a31ef8741fe52933c6d92d1f75c619df1c4a6c892800000000000002133d6ae8e0318ff00ecc97acb47de4b8237c958fba2cf3b63b7ece0a5da9dee992e34397bc3d1221000000000ee398b943e5182c3c9bbca11e6e5c6f0e8ddf6a49f79e7b554e4cb687a0d264e7c559fc24f2c63561e856acffd384a5dad2d4bd3622c74e7bc57ca6c97e4a4dbc3f3e4a4db6dbbb6eedf16f5b67a6db6799df77c000000003ccf61a5fb24c7f33c10ba1da392ea9a593e9afab3a8bf1b7ef2a3571b6595ae967ff1c2da733a0000000000000015ee503fcbf17e6aff007224da7fab543a8fa7670b2e950f74c971f64197bbd1222000000000e8bc9163f5e270cdedb558afc13ffd655712c7f2dff0b4e1b7f9abf94af2ad8fe6f0b0a29ebaf5127e643a4ff1682ef21e1f4e6c9cde13710bed8f97cb92976a5000000000f3334bf6498fe66321743b1724cffb0bfeb4fd912a759f5569a4fa6ba1cae90000000000000057b940ff002fc5f9abfdc89369fead50ea3e9d9c2cba543d40971f64197bbd9222000000000b7725bfe397f46a7b6270f10fa3f976f0ff00adf894af2c3e5e0fcda9ed810f0dfeefc26e25debf9ff4e785a2b0000000003ccf61a5fb24c7f33c10ba1d87926ff02ffad3f644a9d67d55a693e9ae872ba40000001fffd9),
(2, 'prakash', 'prakash@gmail.com', 'prakash', 0xffd8ffe000104a46494600010100000100010000ffdb0084000906070f0e0f100f0e0d0e0e0d100d0d100f0f0f0d0f0e100f151615171815111615181d2820181a251d1813223121252d2b2e2e2e191f3338332c372b2d2e2b010a0a0a0e0d0e1b10101b2d2520252d2d2f332b2d2f2d2d2d2d2d2d2d2d2d2d2d2d2d2d2d2d2d2d2d2d2d2f2d2d2d2d2d2d2d2d2d2e2e2d2d2d2d2d2d2d2d2d2dffc000110800e100e103011100021101031101ffc4001b00010002030101000000000000000000000005060304070102ffc4003f10000201020206060805020505000000000001020304112105123141516106071371819122233252a1b1c1d1628292e1f03342147273a2b32463b2c2d2ffc4001b01010002030101000000000000000000000004050203060107ffc400341101000201020403070303040300000000000102030411051221311341512232617181b1d13391a11442c10623e1f1243462ffda000c03010002110311003f00ec2000000000000000000000000000000000000000000000000000000000000000000000000000000000000000000000000000000000000000000000035abdfd286d9a6f847d27f020e7e23a6c3d2d78dfd23acff0dd4d3e4b7686954d391feda727ce4d47e5895993fd4148f72933f3e8915d0cf9cb5e7a6aabd9182f06fea43bf1ecf3eed623f796e8d153ce658de97adef457e44699e35ab9f38fd997f47885a5eb718bfc88471ad5c79c7ec4e8f132434dd4df083eed65f537d38f678f7ab13fbc319d153ca65b34b4dc5fb50947b9a97d89b8f8fe29f7eb31f2ead36d0dbca5bb42f6954f666b1e0fd17e4cb3c1afd3e6e94bc6fe9da7f946be0c94ef0d8263500000000000000000000000000000006fb08dbbd2f08650f592e38fa2bc77f814babe358b17b38fda9fe3f7fc2662d1dadd6dd2111737b52a7b52787bab28f96ff139dd4710d467f7edd3d23a42763c14a7686b909b8000000000000dab6d21569ec9631f7659afd89fa6e25a8c1dadbc7a4f568c9a7c77ef097b4d2b4ea652f572e6fd17dcce8f49c630e6f66fecdbe3dbe9281974b7a758eb0902dd1400000000000000000000000061b9b98528eb4de1c16f7c9223ea7558f4f4e7c93f996cc78ed9276aa02f7484eae5ecc3dd4f6f7bde721ade2797533b76afa7e569874f5c7d7bcb4cad4800015fd33d31b2b46e32a8eb55593a74129b4f83962a31ee6f12cb4dc2b519baedb47acfe3bb4df3d2aaa5f75935e58aa16d4a9adceaca555f92d54be25b62e058a3dfb4cfcba7e5a27536f2845d4e9de9196cad08728d0a787fb9325d7846923fb77f9ccb5ce7c9ea53e9de925b6bc25ca54297d1216e11a49feddbeb2467bfaa46cfac8b98ff005ade8555f81ce8bf8eb22364e05867dcb4c7f3f8671a9b79c2d3a1fa6f6572d45cddbd5792857c229be534f57cf07c8a9d4708d462eb1ed47c3f0df4d456df0594ab6f0001bd63a4a74b04f19d3e1be3dcfe85ae878ae5d3fb36f6abe9e71f246cda6ae4eb1d253f42b46a475a0f15f2e4cebb06a31e7a73e39de1577a5a93b5990dcc00000000000000000000d6bebc8d18e2f393f663bdfec42d6eb69a5a735bbf947ab761c339276856ee2bcaa4b5a6f17f04b8238ad46a326a2fcf927afdbe4b7c78eb48daac668660186f2ea9d0a72ab566a14e1172949ec4beaf96f3662c76c968a5237997933111bcb95749fa675ef1ca9d172a16bb3553c2a555c66d6c5f8565c713add170bc7a78e6b75b7f11f2fca065cd36e91d95648b469000000000b5f447a6152ce51a35e52a968da59b6e5439c5ef8f18f970755c43865351137a74bfdfe7f96fc39a6b3b4f6756a5563349c5a69a4d34f1c53d8d72391b566b3b4a7becc400cd69732a52d68bef5ba5de4ad2eaf269afcf4fac794b5e5c55c91b4ac969731ab1d68f8adf17c0ed749abc7a9c7cf4fac7a29f2e2b63b6d2ce4a6b0000000000000000c375711a51729782dedee488faad4d34f8e725ff00ee5b31e39c96e58562e2bcaa49ca4f37e4970470ba8d45f3e49c97eff6f82e71d2295e586334330001ccfacfd2ee75a367097aba4a33aa93f6aa496314fba2d3fcdc8ea78269a2b8e734f79edf2ffb42d4df7b72a8e5e230000000000001d33ab8d24eadb4a849e32b79251cf3ece58b8af06a6bb92399e338229963247f77de161a5bef5e59f25ca15b8f994934f4489ab2a78986cc5e9e0cd69732a52d68f735ba4b812b49abbe9b273d7eb1eb0d7971464aed2b3d0ad1a91528bc535fc4775833d33638c949e92a5bd2696e596436b17807a0000000000099dbac8ace92bbed6797b11c5479f19789c3f12d6cea72f4f763b7e571a7c3e1d7af76a15c9000000708d3774ebdd5c556f1d7af55aff2eb3515fa544eff004f8fc3c55a7a442aad3bda65a46e780000000000005abab8b9d4bd70c72ab42a2c38b8b525f0522ab8c539b4fbfa4c24e9676bece9c72cb27d464d6c3c98dde4c3342aa7b72661356335643062dfd1179d9cf564fd093cff000bdccb7e13aef032f25bddb7f13ea8baac3cf5de3bc2c4764a90000000000002374ddcea43517b53c71e51dfe7b3cca4e37abf0b17855ef6fb2668f1735b9a7c900722b400000305f55ece9559fb94aa4ff4c5b36e1af364ad7d6618da7689970182c125c91f419553d3c7ab0688e86690bb82ab4e828d292c613ab38d3535c629e6d73c3066bb66a567699675c769eb10c1a43a29a42df1ed2cab349fb54a3dbc5f3c69e38788ae5a4f697934b477844d4a5383c2509c5f0946517f136317dd1b5ab532a74aad47c29d39cdf924793311dc593447407485ce73a6ad69fbd70f564fba9ac65e781aad9e95f8b65715a587a47d0bbbb08bab3d4ad6e9a4ead2727a98ecd78b58c73df9ae67b4cd5bf482f8ad556cdad698e88d4d4bfb57ff007757f54651fa9135f5e6d35e3e1f6ead98676c90ec0718b70001f70a8d7718cd625e4c6ecf09a7f635cc6cc2636597445d7694f06fd386117cd6e7fce0767c2357e3e0dadef57a4ff8953eab1725f78ed2de2d518000000000055afebf695252dd8e11ee5b3efe2705afd478f9ed7f2ed1f285de1c7c94886b90db4000008ce944f56c6edf0b4b8ffc192f411bea71c7ff0050d797dc970e3ba56ac3d04d0aafaf610a91d6a14d3ad593594a316b083ef938e3cb13566bf2d77678ebcd67732b93803dc406207807cd5a719c6509c54a128b8ca3258a926b069ae02276ea4f5701e9368aff0005795adf3d484f1a6ded74e4b5a19efc13c1be299678edcd58940bd796db35f434f56ead9f0bbb6ff92263a88df15e3e13f631fbd1f376d3865cbc00000f4f048686bc74eac71f665e83f1d8fcf027f0ccde06a227ca7a4ff8fe51755879f1cede5d56c3b4520000000006ae93ada94a6f7b5aabbde5f720712cfe0e9ad68efdbf7e8dda7a736488560e157400000008ae954252b0ba8c63294a56f52318c5394a4dac124966d937877fed63f9b5e5f725c4eb529539385484e9ce2f094271942717b707179adc771bab5d3ba9db44a8dd57c339d68514f9423ad978d4f810f553d621274f1de5d0c8a90000000001cabae0b551b8b6ac96752854a6dffa724d7fc8fc89ba69f6661173c75895374350a952e28aa74e7524aad29b54e129b51538e32692c92e26dcb31c93bfa4b4d7bc3b61c22e9e1e80000000bb5857ed29427be5158f7ac9fc533bad266f1b0d6feb0e7f35392f356724350000000223a415328478b949f864be6ce77fd4193d9a63f8ccfec9fa1af59b214e61620000000cf6ab36f822d3865226f369f2636527ad9d0aa74237b08aed28b8d3aad2ce54e4f08b7fe5935e12674ba6bf5e544cf5e9cc94eabe96ae8ba4fdfab7327e15251f9451af513edb3c3ee2d6696d000000000e7bd71c1761692deabd58f9c13ffd495a5ef28fa8ed099eaef41ab3b38ce514ae2e546ad57866a2d634e9f8278e1c5c8d79efcd6dbd19e1aed5dd2b7d14a6f0de9339cd6d22b96764ca4f46b911980000002cdd19ab8d2947dd9bf26b1f9e2751c13273609afa4fdd51afaed9227d612e5d2080000002034f4b1aa970a6be2dfec723c7afbea22be95fbeeb4d147fb7bfc51a5226000000032db4b0977e44fe1f97932ed3e7d1e599ee2842ac254ea454e9ce3284e3258a945ac1a674113b4ef0d731bc6d2d5d07a323676f4eda0dca14fb4516f6e129ca4b1e2f3da657b734eec695e58d9bc62c8000000002274f680a57ee82af8ca951aaeaba7baabd5c1465f87378adfb0ce99269becc2f4e6db74b25872460cd1173535a6deed8bb91ceea72789926d09158da188d2c8000000137d179fa7523c6117e4ff72f7815bdbbd7e10aee211ecd65623a55580000002b9a69faf97743e48e2f8ccefabb7ca3ecb7d27e94344aa4900000000f46757396ccf896b4e273158898ebeac795b25c300f4000000000f1bc333c99da3711f5af5ca3825837b5e3f229f2ebe6f4e588db76e8a6d2d420360000000004b7469fae7fe94be712e3824ffe44fcbfcc20ebff004e3e6b39d52a000000015cd34bd7cb9a87c8e2f8cc6dabb7ca16fa4fd286895492000000000037a94b18a7c8ea34d93c4c55b35cf77d1bde00000000061bc9e10973582f1236aefc98a7e3d19523794494090000000000025ba34bd74b95297ce25c7048ff00c899f87f9841d7cffb71f359cea950000000080d3d1c2aa7c69af837fb1c8f1ea6da88b7ac7d969a29ff006f6f8a34a44c0000000000196dea60f07b1fc0b0d06abc2b72dbb4ff0012c661b65fb0000000078de19bc91e4cc446f222eeebebbcbd95b3ee516ab51e2dba7686fad766022b30000000000139d1787a5525c2315e6dfd8bee055f6ef6f842bb884fb358584e9156000000089e9053f4612e12717e2bf639eff5063de94c9e93b7ee9fa1b759aa10e5d6200000000000066a55b0c9e6be458e975d38fd9bf58fb31986cc649e69e25dd2f5bc735677862f4cde007c55ab182c64fc37b35e5cb5c75e6b3d889946dc5cb9f28f0fb949a8d55b2f4ed1e8df5ac4301199000000000000166e8d52c294a5efcde1dc961f3c4ea78263e5c136f59fb74546bedbe488f484b972820000000d6d25475e94d2db86b2ef5990788e0f1b4d7ac77db78f9c756ed3df93244aae708ba00000000001f508393c126df23662c57cb6e5a46f2c6d68ac6f2dea160bfbf37c16c474da3e074afb59facfa797fcabf2eb267a51ab5e8ca93daf07b1f1e44abe9eb87d9a46d091a7cb17af59ea46e5ef49fc0d7b37ecf257127b30436367d5b5b76af197b29e6f8f236d34d5cdd2f1bc23ea337871b44f57d5d68adf4dfe56fe4fee43d5f058f7b04fd27fc4b0c3aef2c9fba327071784934f83283263be3b72de36958d6d168de25f260c8000000003d1b6fd85d6ca87674e10df18a4fbf7fc713bbd2e1f070d69e90e7b2df9ef366737b580000000055f485bf675251dd8eb47b9ff001af0383e21a7f03516af9778f94aeb064e7a44b5884dc0000066a16952a7b10935c70c179b2561d167cdee527e7da3f96bbe6a53bca42868493f6e69728ac5f9b2df0f00bcf5cb6dbe11f945beba3fb61214347d38269278bdadc9b7f62f349a1c3a5dfc3f3f8a165cd6c9ef3e6adbb5b335f1263535aa414934d62998dab168da5952f359de113736ee9be317b1ff003795d9714d27e0b6c39a3247c4b6a0ea3c3625b5f018b1cde4cd9a31c6fe697841452496096c2cab58ac6d0a9b5a6d3bcb6695b379cb25c379eb17dd7b1a551613a71782c13d8fcd6647cda5c39bf52b12d98f35f1fbb28eafd1ea6ffa73943934a6be8cabcbc0f1dbae3b4c7f31f94ba6bed1ef46e8eb8d0b5e19a8aa8bf03cfc9e65666e11a8c7d6239a3e1f84ba6b315bbf446958960000048683b6ed2b4715e8c3d37e1b179fc8b1e17a7f1b511bf6af5fc22eaf272639f59e8b69d8a9000000000004769ab5d786ba5e94317df1dff729b8ce93c6c3e257bd7ede697a4cbcb6e59ed2af9c7ad400048e85b4539b9c963186196e72dde5f62eb8368e33659c978e95fe67fe113579792bcb1de5603af550000018aad052e4f8a02aba67a4b656ff00e269d5aa9d5b7c14a8e719cdb49c5431dbed2cd6cde6c8d35b24446dd25aff00a9ae299989eb0d5d07d2db3ab46df19aa55eb56a743b0ce735525251c725ec669eb6cc39e465fd25b1fb358e91e67f575cbed4cf59f25d295051e6f89a5b19400000055fa4169d9d4d78af46a62fba5bfcf6f99c9f17d2c62cbcf5ed6fbae345979e9cb3de3ec8a2a5340005b74259f634962b09cf094b9708f87d59d8f0cd2f8187af79eb3fe2149abcde25fa768481628a00000000000056f4a59f653c52f572ce3cb8c4e278a687fa6cbbd7dd9edf85be9b37895ebde1a45624805a34750ece9463bf0c65deff0098781de70fd3f81a7ad3cfbcfce54b9f273de65b24d690000000722eb7743ba5730bc8af42e22a13e5520b05e7051fd2cb2d1e4debcbe8aed663dad16697559a23fc4dfaad2fe9da45557ce72c5535e7ad2fca67abbf2d36f561a4a735f7f476a2a9680000000d1d336ddad1924bd28fa71ef5fb62881c4b4fe369ed11de3ac7d1234b9393244aa0716bd0f44ae81b0ed67da497ab83fd52dcbc36f916dc2b45e364f12d1ecc7f33ff00085accfc95e58ef2b41d629c000000000000018ae6846a45c25b1f9a7b9a346a74f4cf8e71dfb4b3c779a5b9a158bab7952938cbc1ee92e28e1755a6be9f24d2ff00bfac2e71e48c95de1934751ed2ac63bb1d67dcb3fb2f13770ec1e36a6b5f2ef3f463a8bf263995a0eed4a000000001cebae797a8b45c6bd57e505f726e8bde9f921eb7dd8f9a3fa9797aebc5c68d07e5297ff467aeed0c345de5d54af4f000000000a5e91b7ecaace1b94b18f73cd7c0e1b5987c1cf6a7c7a7ca57f83273e38b3dd1f652af3d58e4967297babee7ba3d25f539396bdbce7d0cd9a3157795be8518d38a8416118ac123b4c58ab8a914a768515ef37b734b21b1880000000000000006bde5ac6ac756593fed96f8b226b3478f558f92ff0049f46dc596d8e7786ae89b2952737359e518be2b6b6be1e457f09d05f4d6bdb277ed1f2f56fd5678c911154917686000000001ccfae9965651fc574fe14d7d49fa1f341d6f684775373c2f2e23c6d31f2a90fb99eb63d8861a2f7a5d74ad5880000000044699d192ad529ca182c9c66dee4b34f9ed653712e1f7d465ada9f2994ed2ea6315262df44859dac28c1420b2def7c9f165969b4d4d3d3929ff0068b972db25b9acce6f6b00000000000000000000000000000001cb3ae997acb25c29dd3f374fec58687b5be881adf246f5432c348cd71b2acbfdf4d9b359fa7f56bd1fbf3f27652ad66000000000000000000000000000000000000000000000393f5cd2ff00a8b55c2dea3f39fec58e8bdd957eb7bc233aa89e1a4e0bdeb7b85f04fe86cd5fe9b5e93f53e8ed6552d0000000000000000000000000000000000000000000000507ac2e885de91b8a556ddd0ece16ea9bed2a4a12d6d7937928bcb06899a6cf4c7598944d460b64b44c34ba17d06beb2bea5735a56dd941555250ab394deb4251582d54b6b5bccf3ea697a4d61860d3de97e6974b202700000000000000000000000000000000000000000000000000000000000000000000000000000000000000000000000000000000000000000000000000000000000000000000000000000000000000000000000000000003ffd9),
(3, 'Abudhahir', 'abudhahir@gmail.com', 'abu', 0xffd8ffe000104a46494600010100000100010000ffdb0084000906070f0d0f0e0d0d0f0f0d0f0f0d0d0d0d0f0e0e0f0d0d10101511161615121513181d2820181a251b161526312227292e2e2e2e171f3338332d37282d2e2b010a0a0a0e0d0e1b10101b2d261f252d302d2e2d2d2b352d2d2b2d2d2d2d2d2d2d2d2d2d2d2d2d2b2d2b2d2b2d2d2d2d2d2d2d2d2d2d2d2b2d2d2d2d2d2d2d2d2bffc000110800e100e103011100021101031101ffc4001c0001000105010100000000000000000000000103040506070208ffc40042100002020002050906030603090000000000010203041106122131510513144161718191d10722525393a13292c133426282b1f023c2e115244344546472a2b3ffc4001b01010001050100000000000000000000000001020304050607ffc4003011010002010204050401040203000000000001020304110512219113143151520622416171324281b1a1d12324c1ffda000c03010002110311003f00e86794b7a000000000000000000000000000000000000000000000000000000000000000000000000000000000000000000000000000000000000000000000000000000000000000000000000000000000000000000000000000000090200902000000000000000000000000000000000000090200c6f2c72e61b0493c458a2dace308a73b65dd15b72eddc66697439b513f6474f7fc29b5e21a6f28fb48966d61a8841754ef9eb4bf24724bf3337d87e9fa446f92dbfea3fed66737b309769ee3e5bb110afb214d7fe64cceaf06d257fb7bca8f165e2bd39c7aff009a52ec953465f68a2a9e11a59fed478b2ca60fda262a3973b5537ad99eaeb532efcd66bec62e5e0382dfd1331ff2ae334fe5b6f22e98e1316d56e4e8b5e49576e4949f08cd6c6fb363ec34baae0f9f04734758fd2ed7244b61352b80000000000000000000000000000000240800069da6da64b059e1b0ed3c465efcf6354e7bb675cfb372def81bee17c27c6ffcb97fa7f11eeb39326dd1ca3158db2d94a73949ca4f394a4dca727c5b675b4a5691cb58e8c599dd6e56a400022dadcf2ee02bd789ea9ed5c7fd08d9544b7ed0cd30954e186c5cdce99651aad93ce553dc937d70ed7bbbb768389f0aae489c98a36b7b7bafe3c9f8974b39298dbd5921000180000000000000000080000240800048185d2ee5b5c9f84b2f593b1e55d117d764b73ee4b37e06c386e93cce78acfa47595bc97e5870bbad959294e7272949b94a4f6b6dbcdb7e277b5ac56368f4614ceef04a0000000002ae1edd5793dcfec44a625d87d9e72bbc4e19d363cecc338c336f372a9af71f864d7f29c6f1bd2462cdcf5f4b7fb6662b6f1b36b348ba800000000000000000002000000000000e5bed771ae57e1b0c9fbb5d32b64b8ca72c93f0507f98ebbe9fc515c36c9f999ff4c4cf3f76cd04e816002decb5e7ee842617f1f340dd593cf704a40000375f6638d70c6c219ecb6ab6a6b8c92538bffd5f99a7e378b9f4b33edd57f0cf575b38965a40800000000000000000100000000120401c53da3dfafca7885f2e3455e55465fe63bbe114e4d257f7bcb072f5bcb5a366b6a16599fbb1dadb4b66d6df0410eada23a014c70aa58fa2165f6bd7719e6dd51cbdd8269ec796d7dacc5c99a77fb65958f0c6df742872dfb34c3cd37849cb0d3ea8cdbb6997666fde5e6fb857513fdc8b608fed739e53e4dc4602de6b135bae5bd75c26be284b735fdb326262d1bc31e626b3d54e324d66891e80019cd0bbb9bc7615ff00dc54bf33d5fd4c3e215e6d35e3f4b98fd5dd4f3d6700400000000000000000080000000090200e0da6f72ff69e3dbdfd232f2ae11fd0f42e1d1ffab8ff0086bf27f54b0787aadc4590a69839ce72518423bdb3327a7551d67a43af684e82d581d4c4e232bb159671ebaa97fc1c65fc4fb72c8c4c99b7e91e8cbc78797acb742c2f22514f630315cb3c914e2ab9538882b2b7bbaa517d4e2d6d4fb4aab79acef08b562d1b4b91693e885fc9cddb5e77e1b3d9625ef436eeb12ddff96eeedc6653245ff961df1cd3f860e134f6a2e287a0321c812cb1587cbfea70bffda059cf1be3b7f13fe9553d5f40b3ce259e821200000000000000000000090200000048e5b8df67b88c763b1d88b2c8e1aa9e26c954dc5d9658b8eaa6b25dadede077ba2cd5ae9b1c7e98738ad6999637d97615471d89d6c9ca9aa75e7c1b9a4f2fcaccacf3f6a3047dcebb47e15e3fd4c3662a040000b7b68df96d4f7a60695cb5ecff000b8893b30ede0ec6f36a11d6a5bedadeef068bf4cf31eab37c113d61a5e9168bddc9d08d96d954e139f371707252d6d572db16b62c93eb2fd3245fd162f8e691d5b1e8de805ffeed8bb6daeb7ce517f32e327250538cf272cf252c96ecbc4b1a8cbf65ab5f695ca629f57513cfad1313312ca494a5000000000000000000000240000004123cb3b1d1da2d82b31eca5ceb45300f0fcabcab16b24e554e1db1b2564f35e2daf036596dbd2ab18abb5ecdff000efddf131d90aa1000000799413de825a67b49c07395e0524f565ca34533ebd96670fd7ee5fc13d65633fa4375cba918f69db795e7b389cd68b64b5a3dd524b4200000000000024080001012000802400003cc8e8f83e6df1cd3d912c359051b652c967ad93796d6b36d2cfc5f99badd0c8615ef5e24255c2000000014b118785a946c8a9253aec49f54e12528bf069089d9131bab230b5f97c3c13297b3905401000000000000000000200000000240010d17b067b61bf3546271f1cac7da93fefc8eb349a98d463e7db642ad73cb2923285ec659acd0424000000116f2e48c749b4fe07b48e5759adb6a27da2129305201000000400000000000040000120000000059f28d1ac9496f8efed46df856aa31de696f4942c68b32d8fc0e945d426e3bbc501730b14bd021ec000015bcf71a6e2da98ad3c28f594aa1ce24000400000000000000000080000000001200082463f1982df282ed71f437fa0e2713118f2f742dabbb2d8ffd4ddc4efe82bc659ee24548db25d7e604f3f2ecf203d57194f7b79181acd753046d1ea2ee2b2592396c992d7b735bd5292d800020000000000000000004048000000000004122ff0093306add772cf25925971e3fdf137dc1b86d3555b5b27a7a4313519a693110d7b48f93b1187b256e5af4bcb29456696cfde5d4fb771bec5a29d3d3937de3dd5e2d456fd3f2c4c31abad35dcc9d97d710c549ee52f1c911b0bbc0e16fc4cb56b59f17ba11ef6555c56bf485bc996b48ead9719c9bcd56a49e6d34a596c4bb8d1f13e111a7c3e2c4ef3bf558c3a9e7bed2c79ce331200001000000000000000000202400000040112924b36d24b7b7b115d31daf3b5637536b45637996231ba4d85a734a6ee970a96b2fcdbbee6f34bf4eeb33f598e58fdb599f8be9f17489de7f4c0e334c2e9eca610a9717fe24fd1791d1e97e96d3d3ae599b4f669b3f1ecb6e98e3667bd9e691d8ed961715372573d6a672c9653cb6c3b9a59aed4f89b99d263c14db146d0b7a3d75b25f9724ef33e8e8ad27b1ed4f7e7b8b4dab5ae55d13ae4ddb874a12dfcdbfd9b7c57c2fec62e5d3c4f5ab2f16aa6bd2ca5c97a33297bf89f757cb8bf79f7beaf028c7a6fcd9732eabf146cf4d31ae2a108a8456e515923322223a430666667796b3a79cb6f0d5468aa595d76dcd6f8569ed978bd8bc781771e0ae6898bc6f0d7ebb55386b1159eb2d3b09a4b7432564636ae3f827e6b63f2353abfa5f4d97ae299acffc2ce9f8f67a74c91bc33584e5ec3db9272e6e5c2cf757e6dc735abfa775983ac47347e9bcd3f18d3e5e933b4fed934f3dab6f6adc68ed4b5276b46cda56d13d624285400000000000000000080000240f16db1845ce72518c5672949e492ef2e62c57cb68a52379517bd691cd69da1abf29e97a59c70b0d6eae72c4d47c23bdf89d8683e9699dada99ff10e7b55c7623edc31fe5ac637942ec43ceeb253e116f282ee8ad8757a6d069f4d1b62ac47eff2d067d5e6cd3f7d9e2bc3b7b5ec5f73318d32b985518ee5e2f6b254eef69b5934dc5a69a69e524d3cd34f89131ba6b6989de1d4743b49a38e87356b51c556b2b23bb9c4bfe24570e2babc8d7e5c5c93fa747a4d5466aed3eaada63cbeb01876e193bedce14477edeb9b5c17a2231539e55eaf511869bfe561a05a472c5c2587c44b3c454b3cdefb2bf8bbd6e7de8af363e59de3d16b43aaf16bcb6f586c3cafca7560e99df73ca315b12fc52975462badb2d56b369da197972571d66d2e3fca58fb3156cf116fe29bcf57aa11fdd82ec4bf53634a4563672f9f34e5bcda56c56b2102e3098eb68fd94e515f0ef83fe57b0c3d4f0fd36a636c9489fdfe59583599b04fd96ffa67b03a4e9e51be1abfc70cdc7c63bd781ca6bbe9598fbb4d6ff12dfe978fc4f4cd1fe619fa6e8591528494e2f738bcd1c967d3e5c16e4c91b4ba1c59a996bcd49de1ecb0ba000000000000002000481048d4f4ef14d2a685d7ad6cd776c8febe4769f49e9a3efcd3fc47ff005cd71fcf3115c71fccb513b6730ab868e725d9b412bd2540000f2f5a328d95c9c2c83ce138b71927dfd444c44aba5e6b3bc2a627177e267cf62ac95b351508b965b12e096c4535ac57d15e5cd7c93bda4c3e26cc3d90c450f56cadeb47835d716bad35d44dab168da518b2db1db9aaadca7cad89c7cd5b8a966a3fb3ae2b56b8f6a8feaf694d31c57d1733ea6f967ee95b9718c0000000c968fe31d57c167ee58d424bab37f85f7e79799a3e3ba1aea34b69dbeeaf586d784eaa70e788dfa4f46ec7983ba08000000000000020000001cfb4bafd7c5d8baab8c2b5f9759fde4fc8f4ff00a7b0785a2afefab89e31979f533fae8c31bc6a973835bdf720a65724a9000000000000000000011964d35bd34d77ada8a32579a935f785749dad13fb745aa7af18c96e9454978accf1dd4e3f0f35a9ed2f47c37e7c75b7bc3d9617400000000000020000015563798844ced0e598fbb9cb6db3e3b272f06de5f63d83478bc2c14a7b43cf3537f132dadef2a064ac2f30abdd5dadb0a25589400000000000000000000037ae439eb61a87c2b507fcbeefe8794f1cc7e1ebb247bcefdddff0bbf36969fa8d97c6a5b00000000000000000016dca577354dd67c354e4bbf55e466f0fc5e2eaa94f7963eaf278786d6f6872d4b2d9c361ebaf3c4923215ac925d88287a2500000000000000000000081b8e8acf3c325f0d938febfa9e73f5453975bcdef10ed7815f7d2eded32cb9cd3749000401200080000001e276c63bdf87595456653159961b49710e586b215c67294dc23eec5c9e5acb3d8bb13379c071d6bacadaf3b44756bf8b52fe5a62b1beed23a15df26efa567a1e89e7707ce3bb8cf279fe13d931c0dcdaff06edff2acf41e7307ce3ba3c9e7f84f65ff0045b7e559f4e7e83cee9fe71dd4f92cff0009ec745b7e559f4e7e83cee9fe71dcf259fe13d8e8b6fcab3e9cfd079dd3fce3b9e4b3fc27b1d16df9567d39fa0f3ba7f9c773c967f84f63a2dbf2acfa73f41e7707ce3b9e4b3fc27b1d16df9567d39fa0f3ba7f9c773c967f84f63a2dbf2acfa73f41e774ff0038ee792cff0009ec745b7e559f4e7e83cee9fe71dcf259fe13d8e8b6fcab3e9cfd079dc1f38ee792cff09ec745b7e559f4e7e83cee9fe71dcf259fe13d8e8b6fcab3e9cfd079dd3fce3b9e4b3fc27b1d16df9567d39fa0f3ba7f9c773c967f84f63a2dbf2acfa73f41e774ff0038ee792cff0009ec745b7e559f4e7e83cee0f9c773c967f84f66c5a3139555d919c271cecd65ad171fdd4bafb8e2fea89a65cb4b52627a3a9e01832571da2d1b7567617465b9ededd872934986fa6b30a850a4000000000000016f761b59b69e4df1dc5dae4dba2badf6e8a12c34d7567dccb91921739eaa6eb92de9f932ae68f755bc209dd3d1000000240800000000000000dc7a506f726fc191bc23787b8e1e6fab2efd844de14f3d55abc27c4fc116e72fb299c9ecba2cad000000000000000000122321b88e6e3c1792279a53bcbcf311f8513cf2734a3a3c387f51e2593cf28e8d0e1f764f89639e4e8d0e1f71e2593e258e8b0edf31e258f12c7458707e63c4b1e249d1a1c3ee3c4b1e258e8d0e1f763c4b239e53d1e1c3fa91e258e794aa21f0a1cf28e694f371f85792239a4de5e92446f28dd24000000481000090200000000000000000000000000000000000000000000000000030000000000000000000000000000000000000809000401204000240800000000000000000000000000000000000401000000001200001ffd9),
(4, 'bahur', 'bahur@gmail.com', 'bahur', 0xffd8ffe000104a46494600010100000100010000ffdb0084000906070f0e0f100f0e0d0e0e0d100d0d100f0f0f0d0f0e100f151615171815111615181d2820181a251d1813223121252d2b2e2e2e191f3338332c372b2d2e2b010a0a0a0e0d0e1b10101b2d2520252d2d2f332b2d2f2d2d2d2d2d2d2d2d2d2d2d2d2d2d2d2d2d2d2d2d2d2f2d2d2d2d2d2d2d2d2d2e2e2d2d2d2d2d2d2d2d2d2dffc000110800e100e103011100021101031101ffc4001b00010002030101000000000000000000000005060304070102ffc4003f10000201020206060805020505000000000001020304112105123141516106071371819122233252a1b1c1d1628292e1f03342147273a2b32463b2c2d2ffc4001b01010002030101000000000000000000000004050203060107ffc400341101000201020403070303040300000000000102030411051221311341512232617181b1d13391a11442c10623e1f1243462ffda000c03010002110311003f00ec2000000000000000000000000000000000000000000000000000000000000000000000000000000000000000000000000000000000000000000000035abdfd286d9a6f847d27f020e7e23a6c3d2d78dfd23acff0dd4d3e4b7686954d391feda727ce4d47e5895993fd4148f72933f3e8915d0cf9cb5e7a6aabd9182f06fea43bf1ecf3eed623f796e8d153ce658de97adef457e44699e35ab9f38fd997f47885a5eb718bfc88471ad5c79c7ec4e8f132434dd4df083eed65f537d38f678f7ab13fbc319d153ca65b34b4dc5fb50947b9a97d89b8f8fe29f7eb31f2ead36d0dbca5bb42f6954f666b1e0fd17e4cb3c1afd3e6e94bc6fe9da7f946be0c94ef0d8263500000000000000000000000000000006fb08dbbd2f08650f592e38fa2bc77f814babe358b17b38fda9fe3f7fc2662d1dadd6dd2111737b52a7b52787bab28f96ff139dd4710d467f7edd3d23a42763c14a7686b909b8000000000000dab6d21569ec9631f7659afd89fa6e25a8c1dadbc7a4f568c9a7c77ef097b4d2b4ea652f572e6fd17dcce8f49c630e6f66fecdbe3dbe9281974b7a758eb0902dd1400000000000000000000000061b9b98528eb4de1c16f7c9223ea7558f4f4e7c93f996cc78ed9276aa02f7484eae5ecc3dd4f6f7bde721ade2797533b76afa7e569874f5c7d7bcb4cad4800015fd33d31b2b46e32a8eb55593a74129b4f83962a31ee6f12cb4dc2b519baedb47acfe3bb4df3d2aaa5f75935e58aa16d4a9adceaca555f92d54be25b62e058a3dfb4cfcba7e5a27536f2845d4e9de9196cad08728d0a787fb9325d7846923fb77f9ccb5ce7c9ea53e9de925b6bc25ca54297d1216e11a49feddbeb2467bfaa46cfac8b98ff005ade8555f81ce8bf8eb22364e05867dcb4c7f3f8671a9b79c2d3a1fa6f6572d45cddbd5792857c229be534f57cf07c8a9d4708d462eb1ed47c3f0df4d456df0594ab6f0001bd63a4a74b04f19d3e1be3dcfe85ae878ae5d3fb36f6abe9e71f246cda6ae4eb1d253f42b46a475a0f15f2e4cebb06a31e7a73e39de1577a5a93b5990dcc00000000000000000000d6bebc8d18e2f393f663bdfec42d6eb69a5a735bbf947ab761c339276856ee2bcaa4b5a6f17f04b8238ad46a326a2fcf927afdbe4b7c78eb48daac668660186f2ea9d0a72ab566a14e1172949ec4beaf96f3662c76c968a5237997933111bcb95749fa675ef1ca9d172a16bb3553c2a555c66d6c5f8565c713add170bc7a78e6b75b7f11f2fca065cd36e91d95648b469000000000b5f447a6152ce51a35e52a968da59b6e5439c5ef8f18f970755c43865351137a74bfdfe7f96fc39a6b3b4f6756a5563349c5a69a4d34f1c53d8d72391b566b3b4a7becc400cd69732a52d68bef5ba5de4ad2eaf269afcf4fac794b5e5c55c91b4ac969731ab1d68f8adf17c0ed749abc7a9c7cf4fac7a29f2e2b63b6d2ce4a6b0000000000000000c375711a51729782dedee488faad4d34f8e725ff00ee5b31e39c96e58562e2bcaa49ca4f37e4970470ba8d45f3e49c97eff6f82e71d2295e586334330001ccfacfd2ee75a367097aba4a33aa93f6aa496314fba2d3fcdc8ea78269a2b8e734f79edf2ffb42d4df7b72a8e5e230000000000001d33ab8d24eadb4a849e32b79251cf3ece58b8af06a6bb92399e338229963247f77de161a5bef5e59f25ca15b8f994934f4489ab2a78986cc5e9e0cd69732a52d68f735ba4b812b49abbe9b273d7eb1eb0d7971464aed2b3d0ad1a91528bc535fc4775833d33638c949e92a5bd2696e596436b17807a0000000000099dbac8ace92bbed6797b11c5479f19789c3f12d6cea72f4f763b7e571a7c3e1d7af76a15c9000000708d3774ebdd5c556f1d7af55aff2eb3515fa544eff004f8fc3c55a7a442aad3bda65a46e780000000000005abab8b9d4bd70c72ab42a2c38b8b525f0522ab8c539b4fbfa4c24e9676bece9c72cb27d464d6c3c98dde4c3342aa7b72661356335643062dfd1179d9cf564fd093cff000bdccb7e13aef032f25bddb7f13ea8baac3cf5de3bc2c4764a90000000000002374ddcea43517b53c71e51dfe7b3cca4e37abf0b17855ef6fb2668f1735b9a7c900722b400000305f55ece9559fb94aa4ff4c5b36e1af364ad7d6618da7689970182c125c91f419553d3c7ab0688e86690bb82ab4e828d292c613ab38d3535c629e6d73c3066bb66a567699675c769eb10c1a43a29a42df1ed2cab349fb54a3dbc5f3c69e38788ae5a4f697934b477844d4a5383c2509c5f0946517f136317dd1b5ab532a74aad47c29d39cdf924793311dc593447407485ce73a6ad69fbd70f564fba9ac65e781aad9e95f8b65715a587a47d0bbbb08bab3d4ad6e9a4ead2727a98ecd78b58c73df9ae67b4cd5bf482f8ad556cdad698e88d4d4bfb57ff007757f54651fa9135f5e6d35e3e1f6ead98676c90ec0718b70001f70a8d7718cd625e4c6ecf09a7f635cc6cc2636597445d7694f06fd386117cd6e7fce0767c2357e3e0dadef57a4ff8953eab1725f78ed2de2d518000000000055afebf695252dd8e11ee5b3efe2705afd478f9ed7f2ed1f285de1c7c94886b90db4000008ce944f56c6edf0b4b8ffc192f411bea71c7ff0050d797dc970e3ba56ac3d04d0aafaf610a91d6a14d3ad593594a316b083ef938e3cb13566bf2d77678ebcd67732b93803dc406207807cd5a719c6509c54a128b8ca3258a926b069ae02276ea4f5701e9368aff0005795adf3d484f1a6ded74e4b5a19efc13c1be299678edcd58940bd796db35f434f56ead9f0bbb6ff92263a88df15e3e13f631fbd1f376d3865cbc00000f4f048686bc74eac71f665e83f1d8fcf027f0ccde06a227ca7a4ff8fe51755879f1cede5d56c3b4520000000006ae93ada94a6f7b5aabbde5f720712cfe0e9ad68efdbf7e8dda7a736488560e157400000008ae954252b0ba8c63294a56f52318c5394a4dac124966d937877fed63f9b5e5f725c4eb529539385484e9ce2f094271942717b707179adc771bab5d3ba9db44a8dd57c339d68514f9423ad978d4f810f553d621274f1de5d0c8a90000000001cabae0b551b8b6ac96752854a6dffa724d7fc8fc89ba69f6661173c75895374350a952e28aa74e7524aad29b54e129b51538e32692c92e26dcb31c93bfa4b4d7bc3b61c22e9e1e80000000bb5857ed29427be5158f7ac9fc533bad266f1b0d6feb0e7f35392f356724350000000223a415328478b949f864be6ce77fd4193d9a63f8ccfec9fa1af59b214e61620000000cf6ab36f822d3865226f369f2636527ad9d0aa74237b08aed28b8d3aad2ce54e4f08b7fe5935e12674ba6bf5e544cf5e9cc94eabe96ae8ba4fdfab7327e15251f9451af513edb3c3ee2d6696d000000000e7bd71c1761692deabd58f9c13ffd495a5ef28fa8ed099eaef41ab3b38ce514ae2e546ad57866a2d634e9f8278e1c5c8d79efcd6dbd19e1aed5dd2b7d14a6f0de9339cd6d22b96764ca4f46b911980000002cdd19ab8d2947dd9bf26b1f9e2751c13273609afa4fdd51afaed9227d612e5d2080000002034f4b1aa970a6be2dfec723c7afbea22be95fbeeb4d147fb7bfc51a5226000000032db4b0977e44fe1f97932ed3e7d1e599ee2842ac254ea454e9ce3284e3258a945ac1a674113b4ef0d731bc6d2d5d07a323676f4eda0dca14fb4516f6e129ca4b1e2f3da657b734eec695e58d9bc62c8000000002274f680a57ee82af8ca951aaeaba7baabd5c1465f87378adfb0ce99269becc2f4e6db74b25872460cd1173535a6deed8bb91ceea72789926d09158da188d2c8000000137d179fa7523c6117e4ff72f7815bdbbd7e10aee211ecd65623a55580000002b9a69faf97743e48e2f8ccefabb7ca3ecb7d27e94344aa4900000000f46757396ccf896b4e273158898ebeac795b25c300f4000000000f1bc333c99da3711f5af5ca3825837b5e3f229f2ebe6f4e588db76e8a6d2d420360000000004b7469fae7fe94be712e3824ffe44fcbfcc20ebff004e3e6b39d52a000000015cd34bd7cb9a87c8e2f8cc6dabb7ca16fa4fd286895492000000000037a94b18a7c8ea34d93c4c55b35cf77d1bde00000000061bc9e10973582f1236aefc98a7e3d19523794494090000000000025ba34bd74b95297ce25c7048ff00c899f87f9841d7cffb71f359cea950000000080d3d1c2aa7c69af837fb1c8f1ea6da88b7ac7d969a29ff006f6f8a34a44c0000000000196dea60f07b1fc0b0d06abc2b72dbb4ff0012c661b65fb0000000078de19bc91e4cc446f222eeebebbcbd95b3ee516ab51e2dba7686fad766022b30000000000139d1787a5525c2315e6dfd8bee055f6ef6f842bb884fb358584e9156000000089e9053f4612e12717e2bf639eff5063de94c9e93b7ee9fa1b759aa10e5d6200000000000066a55b0c9e6be458e975d38fd9bf58fb31986cc649e69e25dd2f5bc735677862f4cde007c55ab182c64fc37b35e5cb5c75e6b3d889946dc5cb9f28f0fb949a8d55b2f4ed1e8df5ac4301199000000000000166e8d52c294a5efcde1dc961f3c4ea78263e5c136f59fb74546bedbe488f484b972820000000d6d25475e94d2db86b2ef5990788e0f1b4d7ac77db78f9c756ed3df93244aae708ba00000000001f508393c126df23662c57cb6e5a46f2c6d68ac6f2dea160bfbf37c16c474da3e074afb59facfa797fcabf2eb267a51ab5e8ca93daf07b1f1e44abe9eb87d9a46d091a7cb17af59ea46e5ef49fc0d7b37ecf257127b30436367d5b5b76af197b29e6f8f236d34d5cdd2f1bc23ea337871b44f57d5d68adf4dfe56fe4fee43d5f058f7b04fd27fc4b0c3aef2c9fba327071784934f83283263be3b72de36958d6d168de25f260c8000000003d1b6fd85d6ca87674e10df18a4fbf7fc713bbd2e1f070d69e90e7b2df9ef366737b580000000055f485bf675251dd8eb47b9ff001af0383e21a7f03516af9778f94aeb064e7a44b5884dc0000066a16952a7b10935c70c179b2561d167cdee527e7da3f96bbe6a53bca42868493f6e69728ac5f9b2df0f00bcf5cb6dbe11f945beba3fb61214347d38269278bdadc9b7f62f349a1c3a5dfc3f3f8a165cd6c9ef3e6adbb5b335f1263535aa414934d62998dab168da5952f359de113736ee9be317b1ff003795d9714d27e0b6c39a3247c4b6a0ea3c3625b5f018b1cde4cd9a31c6fe697841452496096c2cab58ac6d0a9b5a6d3bcb6695b379cb25c379eb17dd7b1a551613a71782c13d8fcd6647cda5c39bf52b12d98f35f1fbb28eafd1ea6ffa73943934a6be8cabcbc0f1dbae3b4c7f31f94ba6bed1ef46e8eb8d0b5e19a8aa8bf03cfc9e65666e11a8c7d6239a3e1f84ba6b315bbf446958960000048683b6ed2b4715e8c3d37e1b179fc8b1e17a7f1b511bf6af5fc22eaf272639f59e8b69d8a9000000000004769ab5d786ba5e94317df1dff729b8ce93c6c3e257bd7ede697a4cbcb6e59ed2af9c7ad400048e85b4539b9c963186196e72dde5f62eb8368e33659c978e95fe67fe113579792bcb1de5603af550000018aad052e4f8a02aba67a4b656ff00e269d5aa9d5b7c14a8e719cdb49c5431dbed2cd6cde6c8d35b24446dd25aff00a9ae299989eb0d5d07d2db3ab46df19aa55eb56a743b0ce735525251c725ec669eb6cc39e465fd25b1fb358e91e67f575cbed4cf59f25d295051e6f89a5b19400000055fa4169d9d4d78af46a62fba5bfcf6f99c9f17d2c62cbcf5ed6fbae345979e9cb3de3ec8a2a5340005b74259f634962b09cf094b9708f87d59d8f0cd2f8187af79eb3fe2149abcde25fa768481628a00000000000056f4a59f653c52f572ce3cb8c4e278a687fa6cbbd7dd9edf85be9b37895ebde1a45624805a34750ece9463bf0c65deff0098781de70fd3f81a7ad3cfbcfce54b9f273de65b24d690000000722eb7743ba5730bc8af42e22a13e5520b05e7051fd2cb2d1e4debcbe8aed663dad16697559a23fc4dfaad2fe9da45557ce72c5535e7ad2fca67abbf2d36f561a4a735f7f476a2a9680000000d1d336ddad1924bd28fa71ef5fb62881c4b4fe369ed11de3ac7d1234b9393244aa0716bd0f44ae81b0ed67da497ab83fd52dcbc36f916dc2b45e364f12d1ecc7f33ff00085accfc95e58ef2b41d629c000000000000018ae6846a45c25b1f9a7b9a346a74f4cf8e71dfb4b3c779a5b9a158bab7952938cbc1ee92e28e1755a6be9f24d2ff00bfac2e71e48c95de1934751ed2ac63bb1d67dcb3fb2f13770ec1e36a6b5f2ef3f463a8bf263995a0eed4a000000001cebae797a8b45c6bd57e505f726e8bde9f921eb7dd8f9a3fa9797aebc5c68d07e5297ff467aeed0c345de5d54af4f000000000a5e91b7ecaace1b94b18f73cd7c0e1b5987c1cf6a7c7a7ca57f83273e38b3dd1f652af3d58e4967297babee7ba3d25f539396bdbce7d0cd9a3157795be8518d38a8416118ac123b4c58ab8a914a768515ef37b734b21b1880000000000000006bde5ac6ac756593fed96f8b226b3478f558f92ff0049f46dc596d8e7786ae89b2952737359e518be2b6b6be1e457f09d05f4d6bdb277ed1f2f56fd5678c911154917686000000001ccfae9965651fc574fe14d7d49fa1f341d6f684775373c2f2e23c6d31f2a90fb99eb63d8861a2f7a5d74ad5880000000044699d192ad529ca182c9c66dee4b34f9ed653712e1f7d465ada9f2994ed2ea6315262df44859dac28c1420b2def7c9f165969b4d4d3d3929ff0068b972db25b9acce6f6b00000000000000000000000000000001cb3ae997acb25c29dd3f374fec58687b5be881adf246f5432c348cd71b2acbfdf4d9b359fa7f56bd1fbf3f27652ad66000000000000000000000000000000000000000000000393f5cd2ff00a8b55c2dea3f39fec58e8bdd957eb7bc233aa89e1a4e0bdeb7b85f04fe86cd5fe9b5e93f53e8ed6552d0000000000000000000000000000000000000000000000507ac2e885de91b8a556ddd0ece16ea9bed2a4a12d6d7937928bcb06899a6cf4c7598944d460b64b44c34ba17d06beb2bea5735a56dd941555250ab394deb4251582d54b6b5bccf3ea697a4d61860d3de97e6974b202700000000000000000000000000000000000000000000000000000000000000000000000000000000000000000000000000000000000000000000000000000000000000000000000000000000000000000000000000000003ffd9);

--
-- Indexes for dumped tables
--

--
-- Indexes for table `friend`
--
ALTER TABLE `friend`
  ADD PRIMARY KEY (`user1_id`,`user2_id`),
  ADD KEY `users_id` (`user2_id`);

--
-- Indexes for table `friends`
--
ALTER TABLE `friends`
  ADD PRIMARY KEY (`request_id`),
  ADD KEY `sender_id` (`sender_id`),
  ADD KEY `receiver_id` (`receiver_id`);

--
-- Indexes for table `messages`
--
ALTER TABLE `messages`
  ADD PRIMARY KEY (`message_id`),
  ADD KEY `senders_id` (`senders_id`),
  ADD KEY `receivers_id` (`receivers_id`);

--
-- Indexes for table `users`
--
ALTER TABLE `users`
  ADD PRIMARY KEY (`user_id`),
  ADD UNIQUE KEY `email` (`email`);

--
-- AUTO_INCREMENT for dumped tables
--

--
-- AUTO_INCREMENT for table `friends`
--
ALTER TABLE `friends`
  MODIFY `request_id` int(11) NOT NULL AUTO_INCREMENT, AUTO_INCREMENT=16;

--
-- AUTO_INCREMENT for table `messages`
--
ALTER TABLE `messages`
  MODIFY `message_id` int(11) NOT NULL AUTO_INCREMENT;

--
-- AUTO_INCREMENT for table `users`
--
ALTER TABLE `users`
  MODIFY `user_id` int(11) NOT NULL AUTO_INCREMENT, AUTO_INCREMENT=5;

--
-- Constraints for dumped tables
--

--
-- Constraints for table `friend`
--
ALTER TABLE `friend`
  ADD CONSTRAINT `user1_id` FOREIGN KEY (`user1_id`) REFERENCES `users` (`user_id`),
  ADD CONSTRAINT `users_id` FOREIGN KEY (`user2_id`) REFERENCES `users` (`user_id`);

--
-- Constraints for table `friends`
--
ALTER TABLE `friends`
  ADD CONSTRAINT `receiver_id` FOREIGN KEY (`receiver_id`) REFERENCES `users` (`user_id`),
  ADD CONSTRAINT `sender_id` FOREIGN KEY (`sender_id`) REFERENCES `users` (`user_id`);

--
-- Constraints for table `messages`
--
ALTER TABLE `messages`
  ADD CONSTRAINT `receivers_id` FOREIGN KEY (`receivers_id`) REFERENCES `users` (`user_id`),
  ADD CONSTRAINT `senders_id` FOREIGN KEY (`senders_id`) REFERENCES `users` (`user_id`);
COMMIT;

/*!40101 SET CHARACTER_SET_CLIENT=@OLD_CHARACTER_SET_CLIENT */;
/*!40101 SET CHARACTER_SET_RESULTS=@OLD_CHARACTER_SET_RESULTS */;
/*!40101 SET COLLATION_CONNECTION=@OLD_COLLATION_CONNECTION */;
